101,石狩地方中部,0110100,札幌中央区,0110100,Ｊ札幌
106,渡島地方東部,0120200,函館市,0120201,渡島茅部
106,渡島地方東部,0120200,函館市,0120202,函館市美原
115,後志地方北部,0120300,小樽市,0120300,小樽市勝納町
126,上川地方中部,0120400,旭川市,0120401,旭川市宮前１条
146,胆振地方中東部,0120500,室蘭市,0120501,室蘭市山手町
161,釧路地方中南部,0120600,釧路市,0120601,釧路市幸町
161,釧路地方中南部,0120600,釧路市,0120602,音別
156,十勝地方中部,0120700,帯広市,0120700,帯広市東４条
141,北見地方,0120800,北見市,0120800,北見市公園町
141,北見地方,0120800,北見市,0120803,常呂２
141,北見地方,0120800,北見市,0120804,北見市留辺蘂町
122,空知地方南部,0120900,夕張市,0120900,夕張市若菜
122,空知地方南部,0121000,岩見沢市,0121000,岩見沢市５条
131,留萌地方南部,0121200,留萌市,0121201,留萌市大町
146,胆振地方中東部,0121300,苫小牧市,0121301,苫小牧市末広町
135,宗谷地方北部,0121400,稚内市,0121401,稚内３
135,宗谷地方北部,0121400,稚内市,0121402,稚内市開運
122,空知地方南部,0121500,美唄市,0121501,美唄市西５条
121,空知地方中部,0121600,芦別市,0121600,芦別
101,石狩地方中部,0121700,江別市,0121700,江別市高砂町
142,紋別地方,0121900,紋別市,0121901,紋別市南が丘町
125,上川地方北部,0122000,士別市,0122001,上川朝日
125,上川地方北部,0122000,士別市,0122002,士別市東６条
125,上川地方北部,0122100,名寄市,0122100,名寄市大通
167,根室地方南部,0122300,根室市,0122300,根室市弥栄
167,根室地方南部,0122300,根室市,0122301,根室豊里
102,石狩地方南部,0122400,千歳市,0122400,千歳市北栄
102,石狩地方南部,0122400,千歳市,0122401,Ｊ新千歳航空
121,空知地方中部,0122500,滝川市,0122500,滝川市大町
127,上川地方南部,0122900,富良野市,0122900,富良野市若松町
146,胆振地方中東部,0123000,登別市,0123000,登別
102,石狩地方南部,0123100,恵庭市,0123100,恵庭
145,胆振地方西部,0123300,胆振伊達市,0123300,胆振伊達市梅本
100,石狩地方北部,0123500,石狩市,0123500,石狩市花川
100,石狩地方北部,0123500,石狩市,0123501,石狩聚富
107,渡島地方西部,0133100,渡島松前町,0133100,渡島松前町福山
107,渡島地方西部,0133300,知内町,0133300,渡島知内
106,渡島地方東部,0133700,七飯町,0133701,七飯町桜町
106,渡島地方東部,0134500,渡島森町,0134503,渡島森町御幸町
105,渡島地方北部,0134600,八雲町,0134601,八雲２
110,檜山地方,0136100,檜山江差町,0136101,檜山江差町姥神
119,北海道奥尻島,0136700,奥尻町,0136701,奥尻松江
110,檜山地方,0137100,せたな町,0137100,檜山せたな
117,後志地方西部,0139100,島牧村,0139100,後志島牧
117,後志地方西部,0139200,寿都町,0139201,寿都町新栄
116,後志地方東部,0140000,倶知安町,0140000,倶知安町南１条
117,後志地方西部,0140200,岩内町,0140201,岩内町高台
115,後志地方北部,0140500,積丹町,0140500,後志積丹
115,後志地方北部,0140800,余市町,0140800,余市町朝日町
120,空知地方北部,0143700,北竜町,0143700,空知北竜
126,上川地方中部,0145700,上川地方上川町,0145701,上川２
127,上川地方南部,0146000,上富良野町,0146000,上富良野町大町
127,上川地方南部,0146200,南富良野町,0146200,南富良野
130,留萌地方中北部,0148400,羽幌町,0148400,羽幌町南３条
130,留萌地方中北部,0148400,羽幌町,0148401,焼尻島
130,留萌地方中北部,0148500,初山別村,0148500,初山別
136,宗谷地方南部,0151400,宗谷枝幸町,0151401,宗谷枝幸
136,宗谷地方南部,0151400,宗谷枝幸町,0151403,宗谷枝幸町本町
139,北海道利尻礼文,0151700,礼文町,0151700,礼文島
139,北海道利尻礼文,0151900,利尻富士町,0151900,利尻島
140,網走地方,0154300,美幌町,0154301,美幌町東３条
140,網走地方,0154500,斜里町,0154500,斜里町本町
142,紋別地方,0155500,遠軽町,0155500,丸瀬布
142,紋別地方,0156300,雄武町,0156301,雄武町雄武
146,胆振地方中東部,0157800,白老町,0157801,白老町竹浦
146,胆振地方中東部,0158100,厚真町,0158100,胆振厚真
150,日高地方西部,0160200,平取町,0160200,平取２
152,日高地方東部,0160700,浦河町,0160701,浦河野深
152,日高地方東部,0160700,浦河町,0160702,浦河町潮見
152,日高地方東部,0160900,えりも町,0160900,えりも
151,日高地方中部,0161000,新ひだか町,0161001,新ひだか町静内
151,日高地方中部,0161000,新ひだか町,0161002,日高新ひだか
156,十勝地方中部,0163600,十勝清水町,0163600,十勝清水町南４
157,十勝地方南部,0164200,広尾町,0164200,広尾町並木通
157,十勝地方南部,0164200,広尾町,0164201,十勝広尾
156,十勝地方中部,0164300,幕別町,0164300,十勝忠類
156,十勝地方中部,0164600,本別町,0164600,本別町北２丁目
155,十勝地方北部,0164700,足寄町,0164700,十勝足寄
161,釧路地方中南部,0166200,厚岸町,0166200,厚岸
160,釧路地方北部,0166500,弟子屈町,0166501,弟子屈町美里
166,根室地方中部,0169100,別海町,0169100,別海町常盤
165,根室地方北部,0169200,中標津町,0169200,中標津
165,根室地方北部,0169300,標津町,0169300,根室標津
165,根室地方北部,0169400,羅臼町,0169400,羅臼
200,青森県津軽北部,0220100,青森市,0220100,青森市花園
201,青森県津軽南部,0220200,弘前市,0220200,弘前市和田町
201,青森県津軽南部,0220200,弘前市,0220201,弘前百沢
202,青森県三八上北,0220300,八戸市,0220301,青森南郷
202,青森県三八上北,0220300,八戸市,0220302,八戸市湊町
200,青森県津軽北部,0220500,五所川原市,0220500,五所川原市栄町
200,青森県津軽北部,0220500,五所川原市,0220501,市浦２
203,青森県下北,0220800,むつ市,0220800,むつ市金曲
203,青森県下北,0220800,むつ市,0220801,青森大畑
200,青森県津軽北部,0230100,平内町,0230100,平内町小湊
201,青森県津軽南部,0232100,鰺ヶ沢町,0232101,鰺ヶ沢町舞戸町
201,青森県津軽南部,0232300,深浦町,0232301,青森岩崎
201,青森県津軽南部,0232300,深浦町,0232302,深浦町深浦岡町
202,青森県三八上北,0240200,七戸町,0240200,青森天間
202,青森県三八上北,0241100,六ヶ所村,0241100,六ヶ所村尾駮
202,青森県三八上北,0241100,六ヶ所村,0241101,青森六ヶ所
203,青森県下北,0242400,東通村,0242400,青森東通
202,青森県三八上北,0244200,五戸町,0244200,五戸町古舘
212,岩手県内陸北部,0320100,盛岡市,0320100,盛岡市山王町
210,岩手県沿岸北部,0320200,宮古市,0320200,宮古市鍬ヶ崎
210,岩手県沿岸北部,0320200,宮古市,0320201,宮古長沢
211,岩手県沿岸南部,0320300,大船渡市,0320300,大船渡市大船渡
211,岩手県沿岸南部,0320300,大船渡市,0320301,大船渡猪
213,岩手県内陸南部,0320500,花巻市,0320500,岩手大迫
213,岩手県内陸南部,0320600,北上市,0320600,北上市柳原町
210,岩手県沿岸北部,0320700,久慈市,0320700,久慈市川崎町
213,岩手県内陸南部,0320900,一関市,0320902,一関市大東町
211,岩手県沿岸南部,0321100,釜石市,0321100,釜石市只越町
212,岩手県内陸北部,0321300,二戸市,0321301,二戸市福岡
212,岩手県内陸北部,0321400,八幡平市,0321400,八幡平市大更
213,岩手県内陸南部,0321500,奥州市,0321500,奥州市水沢大鐘
212,岩手県内陸北部,0330100,雫石町,0330101,雫石町千刈田
212,岩手県内陸北部,0330100,雫石町,0330102,岩手雫石
212,岩手県内陸北部,0330200,葛巻町,0330200,岩手葛巻
210,岩手県沿岸北部,0348200,山田町,0348201,山田町八幡町
210,岩手県沿岸北部,0348400,田野畑村,0348400,岩手田野
210,岩手県沿岸北部,0350700,岩手洋野町,0350700,岩手洋野町種市
222,宮城県中部,0410100,仙台青葉区,0410101,仙台大倉
222,宮城県中部,0410200,仙台宮城野区,0410201,Ｊ仙台
222,宮城県中部,0420200,石巻市,0420202,石巻市泉町
222,宮城県中部,0420200,石巻市,0420203,石巻大瓜
222,宮城県中部,0420200,石巻市,0420299,石巻小渕浜
220,宮城県北部,0420500,気仙沼市,0420500,気仙沼市赤岩
220,宮城県北部,0420500,気仙沼市,0420501,気仙沼本吉
221,宮城県南部,0420700,名取市,0420700,Ｊ仙台航空
220,宮城県北部,0421200,登米市,0421200,登米市中田町
220,宮城県北部,0421300,栗原市,0421300,栗原市栗駒
220,宮城県北部,0421500,大崎市,0421500,大崎市古川三日
220,宮城県北部,0421500,大崎市,0421501,大崎古川大崎
221,宮城県南部,0432300,柴田町,0432300,柴田町船岡
221,宮城県南部,0434100,丸森町,0434100,宮城丸森
222,宮城県中部,0440100,松島町,0440101,松島町高城
220,宮城県北部,0450100,涌谷町,0450100,涌谷町新町裏
220,宮城県北部,0460600,南三陸町,0460602,南三陸町志津川
231,秋田県沿岸南部,0520100,秋田市,0520100,秋田市山王
231,秋田県沿岸南部,0520100,秋田市,0520101,秋田雄和
230,秋田県沿岸北部,0520200,能代市,0520200,能代市緑町
233,秋田県内陸南部,0520300,横手市,0520301,横手市雄物川町
232,秋田県内陸北部,0520400,大館市,0520400,秋田比内
230,秋田県沿岸北部,0520600,男鹿市,0520601,男鹿３
233,秋田県内陸南部,0520700,湯沢市,0520700,湯沢市沖鶴
231,秋田県沿岸南部,0521000,由利本荘市,0521000,由利本荘市石脇
232,秋田県内陸北部,0521300,北秋田市,0521300,北秋田市花園町
233,秋田県内陸南部,0521500,仙北市,0521501,仙北市角館町中
230,秋田県沿岸北部,0536100,五城目町,0536100,五城目町西磯ノ
233,秋田県内陸南部,0543400,秋田美郷町,0543400,秋田六郷
242,山形県村山,0620100,山形市,0620100,山形市緑町
243,山形県置賜,0620200,米沢市,0620200,米沢市駅前
243,山形県置賜,0620200,米沢市,0620201,米沢アルカディ
240,山形県庄内,0620300,鶴岡市,0620300,鶴岡市馬場町
240,山形県庄内,0620300,鶴岡市,0620301,山形温海
240,山形県庄内,0620400,酒田市,0620401,飛島
240,山形県庄内,0620400,酒田市,0620402,酒田市亀ケ崎
241,山形県最上,0620500,新庄市,0620500,新庄市東谷地田
242,山形県村山,0632100,河北町,0632110,河北町吉田
241,山形県最上,0636100,山形金山町,0636100,山形金山
243,山形県置賜,0640100,山形小国町,0640100,山形小国町岩井
243,山形県置賜,0640200,白鷹町,0640200,山形白鷹
240,山形県庄内,0646100,遊佐町,0646100,遊佐町遊佐
240,山形県庄内,0646100,遊佐町,0646101,山形遊佐
250,福島県中通り,0720100,福島市,0720101,福島市花園町
252,福島県会津,0720200,会津若松市,0720201,会津若松市材木
250,福島県中通り,0720300,郡山市,0720300,郡山市朝日
251,福島県浜通り,0720400,いわき市,0720400,いわき市小名浜
251,福島県浜通り,0720400,いわき市,0720401,いわき水石山
250,福島県中通り,0720500,白河市,0720500,白河市郭内
250,福島県中通り,0721100,田村市,0721101,田村市船引町
251,福島県浜通り,0721200,南相馬市,0721200,南相馬市原町区
251,福島県浜通り,0721200,南相馬市,0721201,南相馬栃窪
250,福島県中通り,0732200,大玉村,0732201,大玉大山
252,福島県会津,0736800,南会津町,0736801,南会津町田島
252,福島県会津,0740500,西会津町,0740501,西会津町野沢
252,福島県会津,0740800,猪苗代町,0740800,猪苗代町城南
252,福島県会津,0742300,柳津町,0742300,福島柳津
250,福島県中通り,0748100,棚倉町,0748101,棚倉町棚倉中居
250,福島県中通り,0750500,古殿町,0750500,福島古殿
251,福島県浜通り,0754400,川内村,0754400,福島川内
251,福島県浜通り,0754700,浪江町,0754700,浪江町幾世橋
300,茨城県北部,0820100,水戸市,0820101,Ｊ水戸
301,茨城県南部,0820300,土浦市,0820301,土浦市常名
301,茨城県南部,0820500,石岡市,0820500,石岡市柿岡
300,茨城県北部,0821200,常陸太田市,0821200,常陸太田
300,茨城県北部,0822100,ひたちなか市,0822100,ひたちなか山ノ
301,茨城県南部,0822200,茨城鹿嶋市,0822201,茨城鹿嶋市鉢形
301,茨城県南部,0822300,潮来市,0822300,潮来堀之内
300,茨城県北部,0822500,常陸大宮市,0822500,常陸大宮市中富
301,茨城県南部,0822700,筑西市,0822700,筑西市舟生
301,茨城県南部,0822800,坂東市,0822800,坂東市岩井
301,茨城県南部,0823400,鉾田市,0823400,鉾田市鉾田
301,茨城県南部,0856400,利根町,0856400,利根町布川
311,栃木県南部,0920100,宇都宮市,0920100,宇都宮市明保野
311,栃木県南部,0920300,栃木市,0920300,栃木市旭町
310,栃木県北部,0920600,日光市,0920601,日光市瀬川
310,栃木県北部,0920600,日光市,0920602,日光市中宮祠
310,栃木県北部,0921000,大田原市,0921000,大田原市黒羽田
310,栃木県北部,0921300,那須塩原市,0921300,栃木塩原
311,栃木県南部,0921500,那須烏山市,0921501,那須烏山市神長
311,栃木県南部,0934200,益子町,0934200,益子町益子
321,群馬県南部,1020100,前橋市,1020101,前橋市昭和町
321,群馬県南部,1020300,桐生市,1020301,桐生市錦町
320,群馬県北部,1020600,沼田市,1020601,沼田市西倉内町
320,群馬県北部,1020600,沼田市,1020602,沼田
321,群馬県南部,1021000,富岡市,1021000,富岡市七日市
320,群馬県北部,1042100,中之条町,1042100,群馬六合
320,群馬県北部,1042900,東吾妻町,1042901,東吾妻町原町
321,群馬県南部,1052100,板倉町,1052101,板倉町板倉
331,埼玉県南部,1110700,さいたま浦和区,1110700,さいたま浦和区
331,埼玉県南部,1120100,川越市,1120100,川越市旭町
330,埼玉県北部,1120200,熊谷市,1120200,熊谷市桜町
332,埼玉県秩父,1120700,秩父市,1120701,秩父市上町
331,埼玉県南部,1120900,飯能市,1120901,飯能２
330,埼玉県北部,1121100,本庄市,1121101,本庄市児玉町
330,埼玉県北部,1123200,久喜市,1123200,久喜市下早見
330,埼玉県北部,1134800,鳩山町,1134800,鳩山町大豆戸
332,埼玉県秩父,1136500,小鹿野町,1136500,埼玉両神
341,千葉県北西部,1210100,千葉中央区,1210101,Ｊ千葉
341,千葉県北西部,1210600,千葉美浜区,1210600,Ｊ千葉美浜
340,千葉県北東部,1220200,銚子市,1220200,銚子市川口町
340,千葉県北東部,1220200,銚子市,1220202,銚子海鹿島
342,千葉県南部,1220500,館山市,1220501,館山市長須賀
342,千葉県南部,1220600,木更津市,1220601,木更津市太田
341,千葉県北西部,1221100,成田市,1221101,Ｊ成田航空
341,千葉県北西部,1221100,成田市,1221102,成田市名古屋
340,千葉県北東部,1221300,東金市,1221300,東金市東新宿
341,千葉県北西部,1221700,柏市,1221701,柏市旭町
342,千葉県南部,1221800,勝浦市,1221800,勝浦市墨名
342,千葉県南部,1222300,鴨川市,1222300,鴨川市八色
342,千葉県南部,1222300,鴨川市,1222301,鴨川内浦
341,千葉県北西部,1222700,浦安市,1222700,Ｊ浦安日の出
342,千葉県南部,1223400,南房総市,1223400,千葉三芳
340,千葉県北東部,1223600,香取市,1223602,香取市佐原平田
340,千葉県北東部,1223700,山武市,1223700,山武松尾
340,千葉県北東部,1234700,多古町,1234700,多古町多古
340,千葉県北東部,1242100,一宮町,1242101,一宮町一宮
340,千葉県北東部,1242700,長南町,1242700,千葉長南
350,東京都２３区,1310100,東京千代田区,1310100,東京
350,東京都２３区,1310300,東京港区,1310300,Ｊ港芝浦
350,東京都２３区,1310400,東京新宿区,1310400,Ｊ新宿西新宿
350,東京都２３区,1310700,東京墨田区,1310700,Ｊ墨田横川
350,東京都２３区,1310800,東京江東区,1310800,Ｊ江東青海
350,東京都２３区,1311100,東京大田区,1311102,Ｊ羽田航空
350,東京都２３区,1311500,東京杉並区,1311501,東京杉並区阿佐
350,東京都２３区,1312300,東京江戸川区,1312300,東京江戸川区中
351,東京都多摩東部,1320100,八王子市,1320100,八王子市大横町
352,東京都多摩西部,1320500,青梅市,1320510,青梅市東青梅
351,東京都多摩東部,1321400,国分寺市,1321401,国分寺市戸倉
355,伊豆大島,1336100,伊豆大島町,1336104,伊豆大島町元町
356,新島,1336200,東京利島村,1336200,利島東山
356,新島,1336300,新島村,1336300,新島大原
356,新島,1336300,新島村,1336301,式根島北
354,神津島,1336400,神津島村,1336401,神津島
357,三宅島,1338100,三宅村,1338103,Ｊ三宅２
357,三宅島,1338100,三宅村,1338104,三宅島４
357,三宅島,1338200,御蔵島村,1338200,御蔵島西川
358,八丈島,1340100,八丈町,1340103,八丈島樫立
358,八丈島,1340100,八丈町,1340104,八丈町三根
358,八丈島,1340200,青ヶ島村,1340200,青ヶ島向沢
359,小笠原,1342100,小笠原村,1342100,小笠原村父島西
359,小笠原,1342100,小笠原村,1342101,父島３
359,小笠原,1342100,小笠原村,1342103,母島２中ノ平
360,神奈川県東部,1410100,横浜鶴見区,1410199,Ｊ横浜鶴見
360,神奈川県東部,1410400,横浜中区,1410400,Ｊ横浜
360,神奈川県東部,1413300,川崎中原区,1413300,川崎中原区小杉
361,神奈川県西部,1415100,相模原緑区,1415100,相模原若柳
361,神奈川県西部,1415200,相模原中央区,1415200,相模原中央区中
360,神奈川県東部,1420100,横須賀市,1420100,横須賀
361,神奈川県西部,1420600,小田原市,1420600,小田原２
360,神奈川県東部,1420700,茅ヶ崎市,1420700,茅ヶ崎市茅ヶ崎
361,神奈川県西部,1421100,秦野市,1421100,秦野市曽屋
361,神奈川県西部,1438400,湯河原町,1438401,湯河原町中央
372,新潟県下越,1510200,新潟東区,1510200,Ｊ新潟航空
372,新潟県下越,1510300,新潟中央区,1510301,Ｊ新潟２
372,新潟県下越,1510500,新潟秋葉区,1510500,新潟秋葉区程島
372,新潟県下越,1510800,新潟西蒲区,1510800,新潟西蒲区役所
371,新潟県中越,1520200,長岡市,1520200,長岡市幸町
371,新潟県中越,1520800,小千谷市,1520800,小千谷市城内
372,新潟県下越,1521200,村上市,1521200,村上市塩町
370,新潟県上越,1521600,糸魚川市,1521600,糸魚川市一の宮
372,新潟県下越,1521800,五泉市,1521801,五泉市村松乙
370,新潟県上越,1522200,上越市,1522201,上越中俣
370,新潟県上越,1522200,上越市,1522202,上越市大手町
372,新潟県下越,1522300,阿賀野市,1522300,新潟笹神
375,新潟県佐渡,1522400,佐渡市,1522401,佐渡島
375,新潟県佐渡,1522400,佐渡市,1522402,佐渡市相川三町
371,新潟県中越,1522500,魚沼市,1522501,新潟魚沼
371,新潟県中越,1522600,南魚沼市,1522600,南魚沼市六日町
372,新潟県下越,1522700,胎内市,1522700,胎内市新和町
371,新潟県中越,1540500,出雲崎町,1540500,新潟出雲
372,新潟県下越,1558600,粟島浦村,1558600,粟島
380,富山県東部,1620100,富山市,1620100,富山市石坂
380,富山県東部,1620100,富山市,1620102,富山市八尾町福
381,富山県西部,1620200,高岡市,1620200,高岡市伏木
380,富山県東部,1620400,魚津市,1620400,魚津市釈迦堂
381,富山県西部,1620900,小矢部市,1620901,小矢部市泉町
381,富山県西部,1621000,南砺市,1621001,南砺市天池
380,富山県東部,1632300,立山町,1632300,富山立山
380,富山県東部,1634300,富山朝日町,1634300,富山朝日町道下
391,石川県加賀,1720100,金沢市,1720100,Ｊ金沢
390,石川県能登,1720200,七尾市,1720200,七尾市本府中町
391,石川県加賀,1720300,小松市,1720300,小松市小馬出町
390,石川県能登,1720400,輪島市,1720401,舳倉島
390,石川県能登,1720400,輪島市,1720402,輪島市鳳至町
390,石川県能登,1720500,珠洲市,1720500,珠洲
391,石川県加賀,1720600,加賀市,1720600,加賀
390,石川県能登,1720700,羽咋市,1720700,羽咋
391,石川県加賀,1736100,津幡町,1736101,津幡町加賀爪
390,石川県能登,1738400,志賀町,1738400,志賀町富来領家
390,石川県能登,1746300,能登町,1746301,能登町宇出津
400,福井県嶺北,1820100,福井市,1820100,福井市豊島
401,福井県嶺南,1820200,敦賀市,1820200,敦賀市松栄町
400,福井県嶺北,1820600,勝山市,1820600,勝山市旭町
400,福井県嶺北,1820900,越前市,1820900,越前市高瀬
400,福井県嶺北,1821000,福井坂井市,1821001,福井坂井市三国
401,福井県嶺南,1844200,福井美浜町,1844200,福井美浜
401,福井県嶺南,1848100,高浜町,1848101,高浜町宮崎
411,山梨県中・西部,1920100,甲府市,1920100,Ｊ甲府
412,山梨県東部・富士五湖,1920600,大月市,1920601,大月市大月
412,山梨県東部・富士五湖,1921200,上野原市,1921202,上野原市四方津
411,山梨県中・西部,1921300,甲州市,1921300,甲州市塩山下於
411,山梨県中・西部,1936500,身延町,1936500,山梨下部
412,山梨県東部・富士五湖,1943000,富士河口湖町,1943002,富士河口湖町船
420,長野県北部,2020100,長野市,2020100,Ｊ長野
420,長野県北部,2020100,長野市,2020102,長野市松代
421,長野県中部,2020200,松本市,2020201,松本市沢村
421,長野県中部,2020300,上田市,2020301,上田市築地
422,長野県南部,2020500,飯田市,2020502,飯田市高羽町
421,長野県中部,2020600,諏訪市,2020600,諏訪市湖岸通り
422,長野県南部,2020900,伊那市,2020900,長野高遠
420,長野県北部,2021200,大町市,2021200,大町市役所
421,長野県中部,2021700,佐久市,2021700,佐久市下小田切
421,長野県中部,2022000,安曇野市,2022001,安曇野市穂高
421,長野県中部,2032100,軽井沢町,2032101,軽井沢町追分
422,長野県南部,2038200,辰野町,2038200,辰野町中央
422,長野県南部,2038400,飯島町,2038401,飯島町飯島
422,長野県南部,2041400,泰阜村,2041400,長野泰阜
421,長野県中部,2045200,筑北村,2045201,筑北村坂井
420,長野県北部,2056100,山ノ内町,2056100,山ノ内町平穏
432,岐阜県美濃中西部,2120100,岐阜市,2120100,Ｊ岐阜
430,岐阜県飛騨,2120300,高山市,2120301,岐阜丹生
430,岐阜県飛騨,2120300,高山市,2120302,高山市桐生町
431,岐阜県美濃東部,2120600,中津川市,2120600,中津川市かやの
431,岐阜県美濃東部,2121100,美濃加茂市,2121100,美濃加茂市太田
432,岐阜県美濃中西部,2121500,岐阜山県市,2121501,山県谷合
430,岐阜県飛騨,2121700,飛騨市,2121701,飛騨市神岡町殿
432,岐阜県美濃中西部,2121900,郡上市,2121900,郡上市八幡町島
430,岐阜県飛騨,2122000,下呂市,2122000,下呂市森
432,岐阜県美濃中西部,2140100,揖斐川町,2140102,揖斐川町三輪
431,岐阜県美濃東部,2150600,白川町,2150600,岐阜黒川
442,静岡県中部,2210200,静岡駿河区,2210201,Ｊ静岡
442,静岡県中部,2210300,静岡清水区,2210300,静岡清水区千歳
443,静岡県西部,2213800,浜松中央区,2213801,浜松中央区高丘
443,静岡県西部,2213900,浜松浜名区,2213900,浜松浜名区三ヶ
443,静岡県西部,2213900,浜松浜名区,2213901,浜松滝沢
440,静岡県伊豆,2220500,熱海市,2220501,熱海市網代
441,静岡県東部,2220600,三島市,2220601,三島市東本町
441,静岡県東部,2220700,富士宮市,2220701,富士宮市弓沢町
440,静岡県伊豆,2220800,伊東市,2220800,伊東市大原
442,静岡県中部,2220900,島田市,2220901,島田市川根町家
442,静岡県中部,2220900,島田市,2220903,島田市元島田
441,静岡県東部,2221000,富士市,2221000,富士中野
441,静岡県東部,2221500,御殿場市,2221500,御殿場市萩原
443,静岡県西部,2221600,袋井市,2221600,袋井市新屋
440,静岡県伊豆,2221900,下田市,2221900,伊豆下田
443,静岡県西部,2222300,御前崎市,2222301,Ｊ御前３
442,静岡県中部,2222600,牧之原市,2222600,静岡相良
440,静岡県伊豆,2230400,南伊豆町,2230402,南伊豆町石廊崎
451,愛知県西部,2310100,名古屋千種区,2310100,Ｊ名古屋
450,愛知県東部,2320100,豊橋市,2320100,豊橋市向山
451,愛知県西部,2320200,岡崎市,2320201,岡崎市若宮町
451,愛知県西部,2320300,一宮市,2320300,一宮千秋
451,愛知県西部,2321100,豊田市,2321100,豊田市小坂本町
451,愛知県西部,2321100,豊田市,2321101,愛知小原
451,愛知県西部,2321300,西尾市,2321310,西尾市一色町
451,愛知県西部,2321600,常滑市,2321601,Ｊ中部航空
451,愛知県西部,2321600,常滑市,2321602,常滑市飛香台
450,愛知県東部,2322100,新城市,2322100,新城市乗本
450,愛知県東部,2322100,新城市,2322102,新城作手
450,愛知県東部,2323100,田原市,2323101,愛知渥美
450,愛知県東部,2323100,田原市,2323102,田原市福江町
451,愛知県西部,2323200,愛西市,2323201,愛西市稲葉町
451,愛知県西部,2344500,南知多町,2344500,南知多町豊浜
461,三重県中部,2420100,津市,2420100,Ｊ津
461,三重県中部,2420100,津市,2420101,津片田
460,三重県北部,2420200,四日市市,2420201,四日市市日永
462,三重県南部,2420300,伊勢市,2420301,伊勢
461,三重県中部,2420400,松阪市,2420401,松阪市上川町
460,三重県北部,2420700,鈴鹿市,2420700,鈴鹿市西条
462,三重県南部,2420900,尾鷲市,2420901,Ｊ尾鷲
462,三重県南部,2421500,志摩市,2421501,志摩市志摩町和
461,三重県中部,2421600,伊賀市,2421601,伊賀市緑ヶ丘本
462,三重県南部,2454300,三重紀北町,2454300,三重紀北
462,三重県南部,2456100,三重御浜町,2456100,三重御浜
501,滋賀県南部,2520100,大津市,2520100,大津市御陵町
501,滋賀県南部,2520100,大津市,2520103,大津市南小松
500,滋賀県北部,2520200,彦根市,2520201,彦根市城町
501,滋賀県南部,2520400,近江八幡市,2520401,近江八幡市桜宮
501,滋賀県南部,2520900,甲賀市,2520901,甲賀市水口町
501,滋賀県南部,2521300,東近江市,2521300,永源寺
511,京都府南部,2610400,京都中京区,2610400,Ｊ京都
510,京都府北部,2620100,福知山市,2620100,福知山市内記
510,京都府北部,2620200,舞鶴市,2620200,舞鶴市下福井
511,京都府南部,2620400,宇治市,2620400,宇治市宇治琵琶
511,京都府南部,2620600,亀岡市,2620600,亀岡市安町
510,京都府北部,2621200,京丹後市,2621200,京都弥栄
511,京都府南部,2640700,京丹波町,2640700,京都和知
520,大阪府北部,2712800,大阪中央区,2712800,Ｊ大阪
521,大阪府南部,2714200,大阪堺市中区,2714200,大阪堺市中区深
521,大阪府南部,2720200,岸和田市,2720200,岸和田市岸城町
520,大阪府北部,2720300,豊中市,2720300,Ｊ伊丹航空
520,大阪府北部,2720700,高槻市,2720700,高槻市桃園町
521,大阪府南部,2721400,富田林市,2721400,富田林市本町
520,大阪府北部,2722000,箕面市,2722000,箕面市箕面
521,大阪府南部,2736200,田尻町,2736200,Ｊ関西航空
531,兵庫県南東部,2811000,神戸中央区,2811001,Ｊ神戸
532,兵庫県南西部,2820100,姫路市,2820100,姫路市神子岡前
531,兵庫県南東部,2820300,明石市,2820300,明石市中崎
531,兵庫県南東部,2820400,西宮市,2820400,西宮市宮前町
535,兵庫県淡路島,2820500,洲本市,2820501,洲本市物部
532,兵庫県南西部,2820800,相生市,2820800,相生市旭
530,兵庫県北部,2820900,豊岡市,2820901,豊岡市桜町
531,兵庫県南東部,2821000,加古川市,2821000,加古川市加古川
531,兵庫県南東部,2821500,三木市,2821500,三木
531,兵庫県南東部,2821900,三田市,2821900,三田市下深田
531,兵庫県南東部,2822000,加西市,2822000,加西
531,兵庫県南東部,2822100,丹波篠山市,2822100,丹波篠山市北新
535,兵庫県淡路島,2822400,南あわじ市,2822401,南あわじ市福良
530,兵庫県北部,2822500,朝来市,2822500,朝来市和田山町
535,兵庫県淡路島,2822600,淡路市,2822602,淡路島長澤
535,兵庫県淡路島,2822600,淡路市,2822603,淡路市富島
532,兵庫県南西部,2822700,宍粟市,2822701,宍粟市山崎町中
531,兵庫県南東部,2822800,加東市,2822801,加東市社
530,兵庫県北部,2858500,兵庫香美町,2858500,兵庫香住
540,奈良県,2920100,奈良市,2920102,奈良市西紀寺町
540,奈良県,2920600,桜井市,2920601,桜井市初瀬
540,奈良県,2934200,平群町,2934200,奈良平群
540,奈良県,2944200,大淀町,2944201,大淀町桧垣本
550,和歌山県北部,3020100,和歌山市,3020100,Ｊ和歌山
550,和歌山県北部,3020400,有田市,3020401,有田市箕島
550,和歌山県北部,3020500,御坊市,3020500,御坊市薗
551,和歌山県南部,3020600,田辺市,3020600,田辺中辺路
551,和歌山県南部,3020700,新宮市,3020702,新宮市新宮
550,和歌山県北部,3020800,紀の川市,3020801,紀の川市粉河
550,和歌山県北部,3034400,高野町,3034401,高野２
550,和歌山県北部,3039100,みなべ町,3039100,和歌南部
551,和歌山県南部,3040100,白浜町,3040102,白浜町消防本部
551,和歌山県南部,3042400,古座川町,3042401,古座川町高池
560,鳥取県東部,3120100,鳥取市,3120100,鳥取市吉方
563,鳥取県西部,3120200,米子市,3120202,米子市博労町
562,鳥取県中部,3120300,倉吉市,3120301,倉吉
563,鳥取県西部,3120400,境港市,3120401,境港市東本町
560,鳥取県東部,3130200,岩美町,3130201,岩美町浦富
560,鳥取県東部,3132800,智頭町,3132800,智頭町智頭
570,島根県東部,3220100,松江市,3220101,松江生馬
570,島根県東部,3220100,松江市,3220102,松江市西津田
571,島根県西部,3220200,浜田市,3220201,浜田市大辻町
570,島根県東部,3220300,出雲市,3220301,出雲市今市町
571,島根県西部,3220400,益田市,3220400,島根匹見
570,島根県東部,3220900,雲南市,3220900,雲南市大東町大
571,島根県西部,3244800,島根美郷町,3244800,島根美郷
575,島根県隠岐,3252800,隠岐の島町,3252801,隠岐の島町西町
575,島根県隠岐,3252800,隠岐の島町,3252802,隠岐２
581,岡山県南部,3310100,岡山北区,3310100,岡山北区桑田町
581,岡山県南部,3310100,岡山北区,3310101,岡山北区足守
581,岡山県南部,3320200,倉敷市,3320200,倉敷市新田
580,岡山県北部,3320300,津山市,3320301,津山市林田
580,岡山県北部,3321000,新見市,3321000,新見市新見
581,岡山県南部,3321100,備前市,3321100,備前市伊部
581,岡山県南部,3321300,赤磐市,3321300,赤磐市上市
580,岡山県北部,3321500,美作市,3321500,岡山英田
581,岡山県南部,3321600,浅口市,3321600,浅口市天草公園
592,広島県南西部,3410100,広島中区,3410100,広島中区上八丁
592,広島県南西部,3420200,呉市,3420200,呉市宝町
592,広島県南西部,3420200,呉市,3420202,広島音戸
591,広島県南東部,3420400,三原市,3420400,三原市円一町
591,広島県南東部,3420400,三原市,3420401,Ｊ広島航空
591,広島県南東部,3420700,福山市,3420700,福山市松永町
590,広島県北部,3420900,広島三次市,3420900,広島三次市十日
590,広島県北部,3421000,庄原市,3421000,広島西城
592,広島県南西部,3421200,東広島市,3421200,東広島市黒瀬町
590,広島県北部,3436900,北広島町,3436901,広島豊平
590,広島県北部,3436900,北広島町,3436902,北広島町有田
702,山口県西部,3520100,下関市,3520100,下関市竹崎
702,山口県西部,3520100,下関市,3520102,下関市豊浦町川
702,山口県西部,3520200,宇部市,3520201,宇部市野中
704,山口県中部,3520300,山口市,3520302,山口市前町
700,山口県北部,3520400,萩市,3520401,萩市土原
700,山口県北部,3520400,萩市,3520402,萩見島
704,山口県中部,3520600,防府市,3520601,防府市寿
704,山口県中部,3520700,下松市,3520701,下松
703,山口県東部,3520800,岩国市,3520803,岩国市今津
703,山口県東部,3534300,田布施町,3534301,田布施町下田布
600,徳島県北部,3620100,徳島市,3620101,Ｊ徳島
600,徳島県北部,3620200,鳴門市,3620202,鳴門市撫養町
601,徳島県南部,3620400,阿南市,3620400,阿南市富岡町
600,徳島県北部,3620500,吉野川市,3620500,吉野川市鴨島町
600,徳島県北部,3620700,美馬市,3620702,美馬市脇町
600,徳島県北部,3620800,徳島三好市,3620802,徳島三好市池田
601,徳島県南部,3636800,那賀町,3636800,徳島相生
610,香川県東部,3720100,高松市,3720101,Ｊ高松航空
610,香川県東部,3720100,高松市,3720102,高松市伏石町
611,香川県西部,3720300,坂出市,3720300,坂出
611,香川県西部,3720500,観音寺市,3720501,観音寺市坂本町
610,香川県東部,3720700,東かがわ市,3720701,東かがわ市西村
610,香川県東部,3732200,土庄町,3732201,土庄町淵崎
611,香川県西部,3740400,多度津町,3740400,多度津町家中
621,愛媛県中予,3820100,松山市,3820101,松山市北持田町
620,愛媛県東予,3820200,今治市,3820200,今治市南宝来町
622,愛媛県南予,3820300,宇和島市,3820300,宇和島市住吉町
622,愛媛県南予,3820400,八幡浜市,3820400,八幡浜市広瀬
620,愛媛県東予,3820500,新居浜市,3820500,新居浜市一宮町
620,愛媛県東予,3820600,西条市,3820600,愛媛丹原
622,愛媛県南予,3820700,大洲市,3820700,愛媛長浜
622,愛媛県南予,3821400,西予市,3821400,西予市野村町
622,愛媛県南予,3848800,愛媛鬼北町,3848800,愛媛広見
631,高知県中部,3920100,高知市,3920100,Ｊ高知
631,高知県中部,3920100,高知市,3920101,高知春野
630,高知県東部,3920200,室戸市,3920201,室戸吉良
630,高知県東部,3920200,室戸市,3920202,室戸市室戸岬町
630,高知県東部,3920300,安芸市,3920300,安芸市西浜
631,高知県中部,3920600,須崎市,3920600,須崎市山手町
632,高知県西部,3920800,宿毛市,3920800,宿毛市片島
632,高知県西部,3920900,土佐清水市,3920901,土佐清水
632,高知県西部,3920900,土佐清水市,3920902,土佐清水市足摺
631,高知県中部,3921200,香美市,3921200,香美市土佐山田
631,高知県中部,3921200,香美市,3921201,高知物部
632,高知県西部,3941200,四万十町,3941200,高知窪川
632,高知県西部,3942800,黒潮町,3942801,黒潮町入野
711,福岡県北九州,4010800,北九州八幡東区,4010800,北九州八幡東区
710,福岡県福岡,4013300,福岡中央区,4013300,Ｊ福岡
710,福岡県福岡,4013700,福岡早良区,4013700,福岡板屋
713,福岡県筑後,4020200,大牟田市,4020200,大牟田市笹林
713,福岡県筑後,4020300,久留米市,4020300,久留米市津福本
712,福岡県筑豊,4020500,飯塚市,4020501,飯塚市川島
713,福岡県筑後,4021000,八女市,4021000,八女市黒木町北
710,福岡県福岡,4022400,福津市,4022400,福津市手光
710,福岡県福岡,4023000,糸島市,4023000,糸島市志摩初
713,福岡県筑後,4044700,筑前町,4044700,筑前町下高場
712,福岡県筑豊,4061000,福智町,4061000,福岡赤池
711,福岡県北九州,4062100,苅田町,4062100,苅田町若久
721,佐賀県南部,4120100,佐賀市,4120100,佐賀市駅前中央
720,佐賀県北部,4120200,唐津市,4120200,唐津市西城内
721,佐賀県南部,4120900,嬉野市,4120900,佐賀嬉野
721,佐賀県南部,4144100,太良町,4144100,太良町多良
731,長崎県南西部,4220100,長崎市,4220100,長崎市南山手
731,長崎県南西部,4220100,長崎市,4220102,長崎野母崎
731,長崎県南西部,4220100,長崎市,4220103,長崎市長浦町
730,長崎県北部,4220201,佐世保市,4220201,佐世保市干尽町
731,長崎県南西部,4220400,諫早市,4220401,諫早市東小路町
730,長崎県北部,4220700,平戸市,4220701,平戸市岩の上町
735,長崎県対馬,4220900,長崎対馬市,4220900,長崎対馬市厳原
735,長崎県対馬,4220900,長崎対馬市,4220901,対馬上県
735,長崎県対馬,4220900,長崎対馬市,4220902,対馬美津島
736,長崎県壱岐,4221000,壱岐市,4221000,壱岐
737,長崎県五島,4221100,五島市,4221101,福江２
737,長崎県五島,4221100,五島市,4221102,五島市木場町
732,長崎県島原半島,4221300,雲仙市,4221300,雲仙市国見町
732,長崎県島原半島,4221300,雲仙市,4221301,雲仙市小浜町雲
741,熊本県熊本,4310300,熊本西区,4310300,熊本西区春日
741,熊本県熊本,4320200,八代市,4320200,八代市平山新町
741,熊本県熊本,4320200,八代市,4320202,熊本泉３
742,熊本県球磨,4320300,人吉市,4320301,人吉市西間下町
741,熊本県熊本,4320600,玉名市,4320600,玉名
743,熊本県天草・芦北,4321200,上天草市,4321200,上天草市大矢野
741,熊本県熊本,4321300,宇城市,4321300,宇城市松橋町
743,熊本県天草・芦北,4321500,天草市,4321500,本渡
743,熊本県天草・芦北,4321500,天草市,4321501,天草市牛深町
740,熊本県阿蘇,4343300,南阿蘇村,4343300,南阿蘇村中松
743,熊本県天草・芦北,4348200,芦北町,4348201,芦北町芦北
742,熊本県球磨,4350500,多良木町,4350500,多良木町多良木
751,大分県中部,4420100,大分市,4420102,Ｊ大分２
751,大分県中部,4420200,別府市,4420200,別府市鶴見
751,大分県中部,4420200,別府市,4420201,別府天間
750,大分県北部,4420300,中津市,4420300,中津市上宮永
753,大分県西部,4420400,日田市,4420401,大分中津
753,大分県西部,4420400,日田市,4420402,日田市三本松
752,大分県南部,4420500,佐伯市,4420501,佐伯市蒲江蒲江
752,大分県南部,4420500,佐伯市,4420502,佐伯市堅田
752,大分県南部,4420500,佐伯市,4420503,佐伯蒲江
751,大分県中部,4420600,臼杵市,4420600,臼杵
752,大分県南部,4421200,豊後大野市,4421200,豊後大野市三重
750,大分県北部,4421400,国東市,4421400,大分国見
750,大分県北部,4421400,国東市,4421401,国東市鶴川
753,大分県西部,4446200,玖珠町,4446200,玖珠町帆足
762,宮崎県南部平野部,4520100,宮崎市,4520101,宮崎市霧島
763,宮崎県南部山沿い,4520200,都城市,4520200,都城市菖蒲原
763,宮崎県南部山沿い,4520200,都城市,4520201,宮崎高崎
760,宮崎県北部平野部,4520300,延岡市,4520303,Ｊ延岡
760,宮崎県北部平野部,4520300,延岡市,4520304,宮崎北方２
762,宮崎県南部平野部,4520400,日南市,4520400,Ｊ油津
762,宮崎県南部平野部,4520400,日南市,4520401,日南北郷
763,宮崎県南部山沿い,4520500,小林市,4520501,小林市真方
760,宮崎県北部平野部,4520600,日向市,4520601,日向市亀崎
760,宮崎県北部平野部,4520600,日向市,4520602,日向日知屋
762,宮崎県南部平野部,4520700,串間市,4520701,串間奈留
760,宮崎県北部平野部,4540200,新富町,4540200,新富町上富田
760,宮崎県北部平野部,4540600,宮崎都農町,4540600,宮崎都農
761,宮崎県北部山沿い,4544100,高千穂町,4544100,高千穂町三田井
770,鹿児島県薩摩,4620100,鹿児島市,4620100,鹿児島市東郡元
770,鹿児島県薩摩,4620100,鹿児島市,4620101,鹿児錫山
771,鹿児島県大隅,4620300,鹿屋市,4620300,鹿屋市新栄町
770,鹿児島県薩摩,4620400,枕崎市,4620401,枕崎市高見町
770,鹿児島県薩摩,4620600,阿久根市,4620601,阿久根市赤瀬川
770,鹿児島県薩摩,4621000,指宿市,4621000,指宿市山川新生
776,鹿児島県種子島,4621300,西之表市,4621301,種子島３
776,鹿児島県種子島,4621300,西之表市,4621302,西之表市西之表
770,鹿児島県薩摩,4621501,薩摩川内市,4621500,薩摩川内市中郷
775,鹿児島県甑島,4621502,薩摩川内市甑島,4621501,下甑島
770,鹿児島県薩摩,4621800,霧島市,4621800,霧島市隼人町内
770,鹿児島県薩摩,4621800,霧島市,4621802,Ｊ鹿児島航空
771,鹿児島県大隅,4622100,志布志市,4622100,志布志市志布志
778,鹿児島県奄美北部,4622200,奄美市,4622200,奄美市名瀬港町
770,鹿児島県薩摩,4622400,伊佐市,4622400,大口
774,鹿児島県十島村,4630400,鹿児島十島村,4630401,中之島
774,鹿児島県十島村,4630400,鹿児島十島村,4630499,宝島
770,鹿児島県薩摩,4639200,さつま町,4639201,さつま町宮之城
771,鹿児島県大隅,4649000,錦江町,4649000,田代２
776,鹿児島県種子島,4650200,南種子町,4650200,南種子
777,鹿児島県屋久島,4650500,屋久島町,4650500,屋久島町小瀬田
777,鹿児島県屋久島,4650500,屋久島町,4650501,口永良部
777,鹿児島県屋久島,4650500,屋久島町,4650502,屋久島平内
778,鹿児島県奄美北部,4652500,瀬戸内町,4652500,奄美大島西古見
778,鹿児島県奄美北部,4652700,龍郷町,4652700,奄美大島
778,鹿児島県奄美北部,4652900,喜界町,4652900,喜界島
779,鹿児島県奄美南部,4653100,天城町,4653100,徳之島
779,鹿児島県奄美南部,4653300,和泊町,4653300,和泊町国頭
779,鹿児島県奄美南部,4653400,知名町,4653400,沖永良部島
779,鹿児島県奄美南部,4653500,与論町,4653500,与論島
801,沖縄県本島中南部,4720100,那覇市,4720100,Ｊ那覇
801,沖縄県本島中南部,4720100,那覇市,4720101,Ｊ那覇航空
805,沖縄県石垣島,4720700,石垣市,4720700,石垣市登野城
805,沖縄県石垣島,4720700,石垣市,4720701,石垣島２
805,沖縄県石垣島,4720700,石垣市,4720702,石垣島平久保
800,沖縄県本島北部,4720900,名護市,4720900,名護市宮里
800,沖縄県本島北部,4720900,名護市,4720901,名護豊原
804,沖縄県宮古島,4721400,宮古島市,4721400,宮古島市平良下
804,沖縄県宮古島,4721400,宮古島市,4721402,沖縄城辺
804,沖縄県宮古島,4721400,宮古島市,4721403,池間島
804,沖縄県宮古島,4721400,宮古島市,4721405,宮古島３
804,沖縄県宮古島,4721400,宮古島市,4721406,伊良部２
801,沖縄県本島中南部,4721500,南城市,4721502,玉城４
800,沖縄県本島北部,4730100,国頭村,4730100,沖縄国頭
801,沖縄県本島中南部,4732400,読谷村,4732401,読谷村座喜味
800,沖縄県本島北部,4735500,粟国村,4735501,粟国島２
803,沖縄県大東島,4735700,南大東村,4735700,南大東村在所
803,沖縄県大東島,4735700,南大東村,4735701,南大東２
803,沖縄県大東島,4735800,北大東村,4735800,北大東島
800,沖縄県本島北部,4735900,伊平屋村,4735900,伊平屋島
802,沖縄県久米島,4736100,久米島町,4736101,久米島２
802,沖縄県久米島,4736100,久米島町,4736102,久米島町謝名堂
804,沖縄県宮古島,4737500,多良間村,4737500,多良間島
807,沖縄県西表島,4738100,竹富町,4738104,竹富町大原
807,沖縄県西表島,4738100,竹富町,4738105,沖縄黒島
807,沖縄県西表島,4738100,竹富町,4738111,波照間２
807,沖縄県西表島,4738100,竹富町,4738112,西表上原
806,沖縄県与那国島,4738200,与那国町,4738200,与那国町祖納
806,沖縄県与那国島,4738200,与那国町,4738202,与那国島久部良
